ticker,entry_date,entry_price,exit_date,exit_price,exit_reason,return_pct
011280,2024-01-10,3210,2024-01-11,3175,breakout_failed,-1.0903426791277204
323410,2024-01-11,29700,2024-01-12,29400,breakout_failed,-1.0101010101010055
003530,2024-01-11,4400,2024-01-12,3745,breakout_failed,-14.886363636363631
041190,2024-01-11,8020,2024-01-12,7290,breakout_failed,-9.102244389027437
009140,2024-01-12,32200,2024-01-15,29000,breakout_failed,-9.937888198757761
950160,2024-01-11,11690,2024-01-16,13100,breakout_failed,12.061591103507263
004140,2024-01-15,3065,2024-01-16,2850,breakout_failed,-7.014681892332786
008930,2024-01-16,56200,2024-01-17,49850,breakout_failed,-11.298932384341642
065450,2024-01-17,6900,2024-01-18,6140,breakout_failed,-11.014492753623184
405100,2024-01-18,22650,2024-01-22,27750,breakout_failed,22.51655629139073
131370,2024-01-18,5170,2024-01-22,5370,breakout_failed,3.868471953578334
300080,2024-01-19,17377,2024-01-22,17544,breakout_failed,0.9610404557748753
051370,2024-01-19,15270,2024-01-23,17790,breakout_failed,16.502946954813357
029460,2024-01-22,22600,2024-01-23,23050,breakout_failed,1.9911504424778848
241520,2024-01-22,4930,2024-01-23,4170,breakout_failed,-15.415821501014204
085670,2024-01-22,8530,2024-01-24,7990,breakout_failed,-6.330597889800704
102120,2024-01-23,19930,2024-01-24,20800,breakout_failed,4.365278474661305
089890,2024-01-24,15660,2024-01-26,19800,breakout_failed,26.436781609195403
000500,2024-01-25,26250,2024-01-26,25100,breakout_failed,-4.380952380952385
098460,2024-01-25,21050,2024-01-26,19280,breakout_failed,-8.408551068883607
073240,2024-01-25,5900,2024-01-26,5660,breakout_failed,-4.067796610169494
061970,2024-01-25,8773,2024-01-26,8304,breakout_failed,-5.3459477943690885
190510,2024-01-26,20850,2024-01-29,20900,breakout_failed,0.23980815347721673
042510,2024-01-26,14707,2024-01-29,14057,breakout_failed,-4.419664105527977
085620,2024-01-30,5700,2024-01-31,5780,breakout_failed,1.403508771929829
083450,2024-01-30,16788,2024-01-31,16663,breakout_failed,-0.744579461520134
026150,2024-01-30,9400,2024-01-31,9010,breakout_failed,-4.148936170212769
032850,2024-01-30,7760,2024-01-31,7350,breakout_failed,-5.283505154639179
067630,2024-01-30,14987,2024-02-01,15182,breakout_failed,1.3011276439580888
126700,2024-01-31,24450,2024-02-02,23950,breakout_failed,-2.0449897750511203
082640,2024-02-01,5380,2024-02-02,5220,breakout_failed,-2.9739776951672847
003960,2024-02-01,37000,2024-02-02,35250,breakout_failed,-4.729729729729726
039490,2024-02-01,107600,2024-02-05,109400,breakout_failed,1.6728624535315983
001740,2024-02-01,7480,2024-02-05,7920,breakout_failed,5.882352941176472
000815,2024-02-01,203000,2024-02-05,209000,breakout_failed,2.9556650246305383
012630,2024-02-01,7910,2024-02-05,8480,breakout_failed,7.2060682680151755
000540,2024-02-01,4370,2024-02-05,4455,breakout_failed,1.94508009153318
064800,2024-02-01,7980,2024-02-05,7295,breakout_failed,-8.583959899749372
402340,2024-02-02,59500,2024-02-05,59300,breakout_failed,-0.3361344537815114
043370,2024-02-02,12590,2024-02-05,12680,breakout_failed,0.7148530579825341
005380,2024-02-02,227000,2024-02-06,235500,breakout_failed,3.7444933920704804
030530,2024-02-02,4455,2024-02-06,4555,breakout_failed,2.244668911335568
025900,2024-02-06,32843,2024-02-07,27957,breakout_failed,-14.876838291264505
007860,2024-02-07,11710,2024-02-08,11900,breakout_failed,1.6225448334756587
004490,2024-02-06,66000,2024-02-13,81200,breakout_failed,23.030303030303024
003580,2024-02-08,7580,2024-02-13,7340,breakout_failed,-3.16622691292876
042700,2024-02-08,78500,2024-02-14,79000,breakout_failed,0.6369426751592355
090350,2024-02-08,11370,2024-02-14,12050,breakout_failed,5.9806508355320975
131290,2024-02-13,57000,2024-02-14,57800,breakout_failed,1.403508771929829
000400,2024-02-13,3370,2024-02-15,3375,breakout_failed,0.14836795252226587
084110,2024-02-14,26100,2024-02-15,25300,breakout_failed,-3.065134099616862
054040,2024-02-14,7940,2024-02-16,8140,breakout_failed,2.5188916876574208
041190,2024-02-15,8530,2024-02-16,8420,breakout_failed,-1.289566236811257
192080,2024-02-15,46000,2024-02-19,47050,breakout_failed,2.2826086956521774
071320,2024-02-19,43350,2024-02-20,38100,breakout_failed,-12.110726643598612
257720,2024-02-21,10400,2024-02-22,9770,breakout_failed,-6.057692307692308
330860,2024-02-21,36900,2024-02-23,40750,breakout_failed,10.433604336043366
339950,2024-02-22,2665,2024-02-23,2555,breakout_failed,-4.12757973733584
198080,2024-02-22,3105,2024-02-23,2810,breakout_failed,-9.500805152979064
340360,2024-02-23,3705,2024-02-27,2990,breakout_failed,-19.298245614035093
059210,2024-02-26,5440,2024-02-27,5030,breakout_failed,-7.536764705882348
405100,2024-02-27,37300,2024-02-28,37500,breakout_failed,0.536193029490617
004840,2024-02-27,7470,2024-02-28,6990,breakout_failed,-6.425702811244982
163560,2024-02-27,8680,2024-02-29,8990,breakout_failed,3.571428571428581
018310,2024-03-04,23700,2024-03-05,22450,breakout_failed,-5.27426160337553
003160,2024-03-05,11740,2024-03-07,12390,breakout_failed,5.536626916524701
281740,2024-03-08,29650,2024-03-12,30450,breakout_failed,2.6981450252951067
053030,2024-03-08,13690,2024-03-12,14960,breakout_failed,9.276844411979557
025320,2024-03-11,10181,2024-03-12,10135,breakout_failed,-0.4518220214124402
041910,2024-03-11,10190,2024-03-12,9740,breakout_failed,-4.416094210009813
092870,2024-03-12,29276,2024-03-13,27602,breakout_failed,-5.717994261511139
086390,2024-03-12,17650,2024-03-13,17280,breakout_failed,-2.0963172804532526
079940,2024-03-13,21450,2024-03-14,20200,breakout_failed,-5.82750582750583
010140,2024-03-14,9010,2024-03-15,8850,breakout_failed,-1.7758046614872347
171090,2024-03-14,46050,2024-03-15,43400,breakout_failed,-5.754614549402826
255220,2024-03-14,1901,2024-03-18,2392,breakout_failed,25.82851130983692
200470,2024-03-15,5910,2024-03-18,5700,breakout_failed,-3.5532994923857864
101000,2024-03-14,3060,2024-03-19,3500,breakout_failed,14.379084967320255
059120,2024-03-18,6758,2024-03-19,6398,breakout_failed,-5.327019828351586
071280,2024-03-19,9920,2024-03-20,9750,breakout_failed,-1.7137096774193505
000390,2024-03-19,8580,2024-03-21,9610,breakout_failed,12.004662004662014
140670,2024-03-20,20675,2024-03-22,21280,breakout_failed,2.926239419588872
014160,2024-03-20,1725,2024-03-22,1902,breakout_failed,10.26086956521739
950160,2024-03-21,15920,2024-03-22,15070,breakout_failed,-5.339195979899502
005290,2024-03-21,47950,2024-03-22,44700,breakout_failed,-6.777893639207511
351330,2024-03-25,14590,2024-03-26,14540,breakout_failed,-0.34270047978066653
065680,2024-03-25,18570,2024-03-27,19400,breakout_failed,4.469574582660196
131030,2024-03-25,7630,2024-03-27,7610,breakout_failed,-0.2621231979030192
000250,2024-03-26,140400,2024-03-27,140600,breakout_failed,0.14245014245013454
099320,2024-03-28,43000,2024-03-29,43500,breakout_failed,1.1627906976744207
388720,2024-04-01,36600,2024-04-02,31000,breakout_failed,-15.300546448087427
359090,2024-04-02,1602,2024-04-04,1603,breakout_failed,0.062421972534321135
057050,2024-04-03,60900,2024-04-04,60100,breakout_failed,-1.3136288998357948
067310,2024-04-04,28466,2024-04-05,27611,breakout_failed,-3.003583222089512
089010,2024-04-04,28050,2024-04-05,26150,breakout_failed,-6.773618538324422
204270,2024-04-05,17100,2024-04-09,18310,breakout_failed,7.076023391812858
006340,2024-04-05,2095,2024-04-09,2250,breakout_failed,7.398568019093088
017510,2024-04-05,3710,2024-04-09,3600,breakout_failed,-2.96495956873315
012510,2024-04-09,57800,2024-04-11,56600,breakout_failed,-2.076124567474047
038460,2024-04-11,5310,2024-04-15,5320,breakout_failed,0.18832391713747842
265520,2024-04-12,27850,2024-04-15,28200,breakout_failed,1.2567324955116588
138070,2024-04-16,3900,2024-04-18,3905,breakout_failed,0.12820512820512775
036200,2024-04-17,11700,2024-04-18,11710,breakout_failed,0.08547008547008517
265520,2024-04-17,30150,2024-04-19,32850,breakout_failed,8.955223880597018
110990,2024-04-18,30900,2024-04-19,29150,breakout_failed,-5.663430420711979
232140,2024-04-18,9460,2024-04-23,9830,breakout_failed,3.9112050739957827
264660,2024-04-22,17397,2024-04-23,17407,breakout_failed,0.05748117491521931
000400,2024-04-23,3850,2024-04-24,3795,breakout_failed,-1.4285714285714235
099320,2024-04-24,49300,2024-04-25,46700,breakout_failed,-5.273833671399597
208140,2024-04-25,3300,2024-04-26,3240,breakout_failed,-1.8181818181818188
089850,2024-04-25,11580,2024-04-26,11190,breakout_failed,-3.3678756476683946
171090,2024-04-26,56300,2024-04-29,54600,breakout_failed,-3.019538188277082
147830,2024-04-26,5090,2024-04-30,6280,breakout_failed,23.379174852652262
012200,2024-05-02,2555,2024-05-03,2380,breakout_failed,-6.849315068493156
106190,2024-05-03,12200,2024-05-07,12150,breakout_failed,-0.4098360655737654
041910,2024-05-08,11840,2024-05-09,11200,breakout_failed,-5.405405405405405
041020,2024-05-09,9660,2024-05-10,9200,breakout_failed,-4.761904761904767
309960,2024-05-09,7210,2024-05-10,6090,breakout_failed,-15.533980582524276
257720,2024-05-09,20200,2024-05-14,27000,breakout_failed,33.66336633663367
079430,2024-05-13,10300,2024-05-14,9550,breakout_failed,-7.281553398058249
009300,2024-05-13,19150,2024-05-14,18760,breakout_failed,-2.0365535248041744
032820,2024-05-13,1795,2024-05-17,1952,breakout_failed,8.746518105849589
148150,2024-05-16,12260,2024-05-20,12430,breakout_failed,1.3866231647634564
260970,2024-05-17,39950,2024-05-20,34050,breakout_failed,-14.768460575719644
006620,2024-05-17,7810,2024-05-20,7880,breakout_failed,0.8962868117797784
007390,2024-05-21,12300,2024-05-22,10670,breakout_failed,-13.252032520325209
011560,2024-05-22,13210,2024-05-23,12450,breakout_failed,-5.753217259651777
017810,2024-05-24,15930,2024-05-27,15430,breakout_failed,-3.1387319522912738
002390,2024-05-24,17390,2024-05-27,16670,breakout_failed,-4.140310523289248
351330,2024-05-24,17870,2024-05-27,17470,breakout_failed,-2.2383883603805277
339770,2024-05-24,4693,2024-05-29,5074,breakout_failed,8.118474323460468
034020,2024-05-27,21300,2024-05-29,20950,breakout_failed,-1.6431924882629123
189860,2024-05-28,7730,2024-05-29,7020,breakout_failed,-9.184993531694696
078600,2024-05-30,121300,2024-05-31,116500,breakout_failed,-3.9571310799670245
03473K,2024-05-31,177000,2024-06-04,183500,breakout_failed,3.672316384180796
036460,2024-06-03,38700,2024-06-05,43700,breakout_failed,12.919896640826867
200470,2024-06-04,7250,2024-06-05,6260,breakout_failed,-13.655172413793103
008970,2024-06-04,2183,2024-06-07,2621,breakout_failed,20.064131928538707
203400,2024-06-04,4711,2024-06-07,4962,breakout_failed,5.327955848015287
074600,2024-06-07,40950,2024-06-10,38600,breakout_failed,-5.7387057387057405
217730,2024-06-07,3050,2024-06-11,2921,breakout_failed,-4.22950819672131
317330,2024-06-10,51000,2024-06-11,52300,breakout_failed,2.549019607843128
264900,2024-06-10,11140,2024-06-11,10650,breakout_failed,-4.398563734290839
005740,2024-06-10,8150,2024-06-11,7240,breakout_failed,-11.165644171779142
101530,2024-06-10,7820,2024-06-12,8700,breakout_failed,11.253196930946284
078600,2024-06-11,155800,2024-06-13,149300,breakout_failed,-4.17201540436457
043650,2024-06-11,7020,2024-06-13,7030,breakout_failed,0.14245014245013454
009810,2024-06-10,9606,2024-06-14,10016,breakout_failed,4.268165729752238
362320,2024-06-13,10130,2024-06-14,10080,breakout_failed,-0.49358341559723184
007160,2024-06-14,49700,2024-06-17,49100,breakout_failed,-1.2072434607645843
006090,2024-06-14,12580,2024-06-17,11300,breakout_failed,-10.174880763116057
003960,2024-06-14,61600,2024-06-18,72900,breakout_failed,18.34415584415585
362320,2024-06-17,11790,2024-06-19,12730,breakout_failed,7.972858354537737
378850,2024-06-17,4900,2024-06-19,5100,breakout_failed,4.081632653061229
064090,2024-06-17,4160,2024-06-19,5160,breakout_failed,24.03846153846154
272210,2024-06-18,21700,2024-06-19,20700,breakout_failed,-4.608294930875578
381970,2024-06-18,15000,2024-06-19,13500,breakout_failed,-9.999999999999998
004360,2024-06-18,13850,2024-06-19,13540,breakout_failed,-2.238267148014439
001200,2024-06-20,5410,2024-06-21,5260,breakout_failed,-2.7726432532347522
101930,2024-06-20,4140,2024-06-21,4140,breakout_failed,0.0
397030,2024-06-20,19470,2024-06-24,20150,breakout_failed,3.492552645095026
001250,2024-06-21,3210,2024-06-25,3945,breakout_failed,22.89719626168225
149950,2024-06-25,15700,2024-06-26,16280,breakout_failed,3.694267515923566
194480,2024-06-26,75700,2024-06-27,57300,breakout_failed,-24.306472919418752
078860,2024-06-28,15126,2024-07-02,16249,breakout_failed,7.424302525452853
336370,2024-07-01,23050,2024-07-02,20400,breakout_failed,-11.49674620390455
001380,2024-07-01,5429,2024-07-02,5489,breakout_failed,1.1051759071652345
000100,2024-07-05,89500,2024-07-08,87400,breakout_failed,-2.346368715083802
337930,2024-07-08,8350,2024-07-09,8310,breakout_failed,-0.4790419161676662
053030,2024-07-05,18250,2024-07-10,20200,breakout_failed,10.684931506849304
032820,2024-07-09,2825,2024-07-10,2850,breakout_failed,0.8849557522123908
100840,2024-07-09,15490,2024-07-10,14280,breakout_failed,-7.811491284699801
078150,2024-07-09,4550,2024-07-10,3975,breakout_failed,-12.637362637362637
049960,2024-07-10,16280,2024-07-11,16130,breakout_failed,-0.9213759213759221
060370,2024-07-10,19923,2024-07-12,20098,breakout_failed,0.8783817698137852
071950,2024-07-10,9905,2024-07-12,10798,breakout_failed,9.015648662291763
950160,2024-07-12,18120,2024-07-16,18760,breakout_failed,3.532008830022071
001750,2024-07-12,13950,2024-07-16,16100,breakout_failed,15.412186379928317
052690,2024-07-15,80200,2024-07-16,78000,breakout_failed,-2.7431421446383997
290550,2024-07-16,13050,2024-07-17,13050,breakout_failed,0.0
024880,2024-07-17,6020,2024-07-18,5770,breakout_failed,-4.15282392026578
018680,2024-07-17,4745,2024-07-18,4205,breakout_failed,-11.380400421496317
082850,2024-07-19,3905,2024-07-23,4025,breakout_failed,3.0729833546734975
041440,2024-07-22,8980,2024-07-24,9040,breakout_failed,0.6681514476614803
004310,2024-07-23,4795,2024-07-25,5010,breakout_failed,4.483837330552665
317690,2024-07-26,8650,2024-07-29,8500,breakout_failed,-1.7341040462427793
017180,2024-07-26,2635,2024-07-29,2675,breakout_failed,1.5180265654648917
316140,2024-07-26,16180,2024-07-30,15680,breakout_failed,-3.0902348578491945
012630,2024-07-26,9650,2024-07-30,9770,breakout_failed,1.2435233160621673
082800,2024-07-30,3749,2024-07-31,3558,breakout_failed,-5.094691917844763
066130,2024-07-31,5970,2024-08-01,5600,breakout_failed,-6.197654941373532
142280,2024-08-08,5650,2024-08-12,5570,breakout_failed,-1.415929203539823
305090,2024-08-09,13150,2024-08-12,12970,breakout_failed,-1.3688212927756682
114450,2024-08-09,3160,2024-08-12,3085,breakout_failed,-2.373417721518989
259960,2024-08-13,331000,2024-08-16,324500,breakout_failed,-1.963746223564955
331920,2024-08-14,8780,2024-08-16,8110,breakout_failed,-7.630979498861046
037350,2024-08-14,5120,2024-08-19,5150,breakout_failed,0.5859375
114450,2024-08-14,3575,2024-08-19,4040,breakout_failed,13.006993006993017
142280,2024-08-16,6350,2024-08-19,6470,breakout_failed,1.8897637795275646
083550,2024-08-16,4813,2024-08-19,4823,breakout_failed,0.20777062123416012
077970,2024-08-16,21550,2024-08-20,22200,breakout_failed,3.0162412993039345
005690,2024-08-19,8490,2024-08-20,8200,breakout_failed,-3.4157832744405203
377740,2024-08-19,6080,2024-08-20,5670,breakout_failed,-6.743421052631582
007370,2024-08-19,7250,2024-08-20,6920,breakout_failed,-4.551724137931035
397030,2024-08-26,24450,2024-08-27,23750,breakout_failed,-2.862985685071573
075130,2024-08-28,3150,2024-08-30,3255,breakout_failed,3.3333333333333437
023770,2024-09-02,7900,2024-09-03,7350,breakout_failed,-6.9620253164556996
035250,2024-09-05,17730,2024-09-06,17080,breakout_failed,-3.6661026508742256
263020,2024-09-05,3950,2024-09-06,3660,breakout_failed,-7.341772151898729
064850,2024-09-06,14440,2024-09-09,14600,breakout_failed,1.1080332409972193
234300,2024-09-13,5190,2024-09-20,5850,breakout_failed,12.71676300578035
010130,2024-09-13,666000,2024-09-23,723000,breakout_failed,8.558558558558559
019490,2024-09-13,3535,2024-09-24,4810,breakout_failed,36.06789250353606
036560,2024-09-20,20550,2024-09-24,21250,breakout_failed,3.406326034063256
226400,2024-09-23,6030,2024-09-24,5880,breakout_failed,-2.487562189054726
093240,2024-09-24,1468,2024-09-26,1693,breakout_failed,15.326975476839234
314930,2024-09-27,21350,2024-09-30,21350,breakout_failed,0.0
337930,2024-09-30,12440,2024-10-02,12540,breakout_failed,0.8038585209003246
006490,2024-10-04,1660,2024-10-08,1850,breakout_failed,11.44578313253013
067080,2024-10-08,17290,2024-10-11,19500,breakout_failed,12.781954887218049
002760,2024-10-10,1618,2024-10-11,1495,breakout_failed,-7.601977750309019
007720,2024-10-10,958,2024-10-14,1025,breakout_failed,6.993736951983309
016450,2024-10-11,5850,2024-10-15,5930,breakout_failed,1.3675213675213627
036000,2024-10-11,2810,2024-10-15,2615,breakout_failed,-6.939501779359436
027970,2024-10-14,1350,2024-10-15,1162,breakout_failed,-13.925925925925931
138610,2024-10-16,25250,2024-10-17,24300,breakout_failed,-3.7623762376237657
026960,2024-10-22,25300,2024-10-23,21000,breakout_failed,-16.996047430830043
368770,2024-10-22,5180,2024-10-23,4665,breakout_failed,-9.94208494208494
900290,2024-10-22,5430,2024-10-23,4500,breakout_failed,-17.12707182320442
950210,2024-10-23,16950,2024-10-24,17090,breakout_failed,0.8259587020648995
206650,2024-10-29,15480,2024-10-30,14940,breakout_failed,-3.488372093023251
026960,2024-10-30,27600,2024-10-31,26650,breakout_failed,-3.4420289855072506
007390,2024-10-24,13980,2024-11-01,16600,breakout_failed,18.741058655221753
086980,2024-11-04,4975,2024-11-05,4665,breakout_failed,-6.23115577889447
136540,2024-11-05,15120,2024-11-06,14960,breakout_failed,-1.0582010582010581
361390,2024-11-07,22100,2024-11-08,18510,breakout_failed,-16.244343891402714
090850,2024-11-11,6450,2024-11-12,6420,breakout_failed,-0.46511627906976605
333430,2024-11-12,4490,2024-11-13,4125,breakout_failed,-8.129175946547884
001260,2024-11-12,9690,2024-11-13,8010,breakout_failed,-17.3374613003096
100790,2024-11-13,7000,2024-11-14,6840,breakout_failed,-2.285714285714291
006805,2024-11-14,5371,2024-11-15,4967,breakout_failed,-7.521876745485012
192390,2024-11-18,5130,2024-11-20,5140,breakout_failed,0.19493177387914784
158430,2024-11-19,6090,2024-11-20,5850,breakout_failed,-3.9408866995073843
001380,2024-11-18,7153,2024-11-21,8054,breakout_failed,12.596113518803298
900340,2024-11-25,12368,2024-11-27,11047,breakout_failed,-10.680789133247092
053800,2024-12-09,82000,2024-12-10,76200,breakout_failed,-7.073170731707313
045660,2024-12-05,24400,2024-12-11,39550,breakout_failed,62.090163934426236
025950,2024-12-06,44050,2024-12-11,65800,breakout_failed,49.375709421112376
045340,2024-12-06,8600,2024-12-11,12300,breakout_failed,43.0232558139535
039240,2024-12-09,4335,2024-12-11,4690,breakout_failed,8.189158016147635
015020,2024-12-06,2602,2024-12-12,4750,breakout_failed,82.55188316679478
121850,2024-12-10,20067,2024-12-12,21844,breakout_failed,8.855334628992884
143240,2024-12-11,18200,2024-12-12,17950,breakout_failed,-1.3736263736263687
003780,2024-12-11,10230,2024-12-12,9610,breakout_failed,-6.060606060606055
023350,2024-12-11,7510,2024-12-12,6660,breakout_failed,-11.31824234354194
347700,2024-12-12,5380,2024-12-13,5310,breakout_failed,-1.3011152416356864
356680,2024-12-12,9250,2024-12-13,8640,breakout_failed,-6.594594594594594
016090,2024-12-12,2345,2024-12-13,2345,breakout_failed,0.0
113810,2024-12-12,1657,2024-12-13,1507,breakout_failed,-9.052504526252259
065500,2024-12-06,2480,2024-12-16,6700,breakout_failed,170.16129032258064
001530,2024-12-12,42292,2024-12-16,46120,breakout_failed,9.051357230681933
009270,2024-12-13,1600,2024-12-16,1471,breakout_failed,-8.062499999999995
008600,2024-12-13,8253,2024-12-17,8604,breakout_failed,4.252998909487449
381970,2024-12-17,14390,2024-12-18,13770,breakout_failed,-4.308547602501733
035510,2024-12-23,14040,2024-12-26,15060,breakout_failed,7.264957264957261
277810,2025-01-03,233000,2025-01-06,233000,breakout_failed,0.0
007370,2025-01-06,7850,2025-01-07,7850,breakout_failed,0.0
208710,2025-01-07,4660,2025-01-09,3890,breakout_failed,-16.523605150214593
005800,2025-01-08,12350,2025-01-09,11520,breakout_failed,-6.720647773279353
013700,2025-01-09,1713,2025-01-10,1558,breakout_failed,-9.048453006421486
025750,2025-01-10,4300,2025-01-14,4245,breakout_failed,-1.279069767441865
008250,2025-01-13,7210,2025-01-14,7060,breakout_failed,-2.0804438280166426
353810,2025-01-16,4860,2025-01-17,5000,breakout_failed,2.8806584362139898
229640,2025-01-17,50800,2025-01-20,46800,breakout_failed,-7.874015748031493
109080,2025-01-17,11260,2025-01-20,11400,breakout_failed,1.243339253996445
306200,2025-01-20,141000,2025-01-22,143400,breakout_failed,1.7021276595744705
332570,2025-01-21,4170,2025-01-22,3955,breakout_failed,-5.1558752997601935
004870,2025-01-21,1017,2025-01-23,1171,breakout_failed,15.142576204523106
091810,2025-01-23,3801,2025-01-24,3915,breakout_failed,2.9992107340173657
014160,2025-01-23,2245,2025-01-24,1740,breakout_failed,-22.494432071269486
010770,2025-01-23,3965,2025-01-24,3590,breakout_failed,-9.457755359394703
025750,2025-01-23,5900,2025-01-24,5375,breakout_failed,-8.898305084745761
000910,2025-02-03,6440,2025-02-05,6930,breakout_failed,7.608695652173902
304100,2025-02-05,33150,2025-02-06,33150,breakout_failed,0.0
085810,2025-02-10,9644,2025-02-12,10032,breakout_failed,4.023226876814601
368770,2025-02-11,6820,2025-02-12,6490,breakout_failed,-4.8387096774193505
419530,2025-02-10,19790,2025-02-13,21000,breakout_failed,6.114199090449723
012450,2025-02-11,490383,2025-02-13,508108,breakout_failed,3.61452171058132
214430,2025-02-12,60400,2025-02-13,60400,breakout_failed,0.0
092460,2025-02-12,9490,2025-02-13,9390,breakout_failed,-1.0537407797681753
272210,2025-02-12,32800,2025-02-14,34250,breakout_failed,4.4207317073170715
000880,2025-02-12,37700,2025-02-14,42700,breakout_failed,13.262599469496017
00088K,2025-02-12,17150,2025-02-14,18590,breakout_failed,8.396501457725947
038390,2025-02-13,11810,2025-02-17,13970,breakout_failed,18.289585097375106
071280,2025-02-14,21300,2025-02-17,21000,breakout_failed,-1.4084507042253502
105550,2025-02-18,4630,2025-02-19,4660,breakout_failed,0.647948164146861
017960,2025-02-19,16000,2025-02-20,14790,breakout_failed,-7.562500000000005
148250,2025-02-21,6800,2025-02-24,6800,breakout_failed,0.0
097230,2025-03-05,9070,2025-03-06,9080,breakout_failed,0.11025358324145973
005710,2025-03-07,7590,2025-03-10,7530,breakout_failed,-0.7905138339920903
012170,2025-03-12,2710,2025-03-14,2880,breakout_failed,6.27306273062731
368770,2025-03-13,8220,2025-03-14,7910,breakout_failed,-3.7712895377128963
007390,2025-03-25,28850,2025-03-26,26650,breakout_failed,-7.62564991334489
182360,2025-03-27,18710,2025-03-28,18130,breakout_failed,-3.0999465526456493
256940,2025-03-28,10850,2025-03-31,10220,breakout_failed,-5.8064516129032295
011090,2025-04-03,4575,2025-04-04,4420,breakout_failed,-3.3879781420764976
308100,2025-03-31,5587,2025-04-07,10573,breakout_failed,89.24288526937534
053580,2025-04-03,14080,2025-04-07,17630,breakout_failed,25.213068181818187
053800,2025-04-04,93900,2025-04-08,95600,breakout_failed,1.8104366347177825
048430,2025-04-04,13910,2025-04-08,17200,breakout_failed,23.652048885693745
440320,2025-04-04,9620,2025-04-08,11200,breakout_failed,16.42411642411643
339950,2025-04-07,3065,2025-04-08,3050,breakout_failed,-0.4893964110929905
294570,2025-04-04,20500,2025-04-09,24500,breakout_failed,19.512195121951216
003310,2025-04-04,2040,2025-04-09,2645,breakout_failed,29.656862745098046
004100,2025-04-07,4390,2025-04-09,4250,breakout_failed,-3.1890660592255093
020710,2025-04-07,4725,2025-04-09,4905,breakout_failed,3.809523809523818
407400,2025-04-07,13490,2025-04-09,13610,breakout_failed,0.8895478131949686
285490,2025-04-08,22750,2025-04-09,20600,breakout_failed,-9.45054945054945
131370,2025-04-08,3920,2025-04-09,3720,breakout_failed,-5.102040816326525
051630,2025-04-08,5870,2025-04-09,4970,breakout_failed,-15.332197614991482
013580,2025-04-08,20500,2025-04-10,23950,breakout_failed,16.82926829268292
193250,2025-04-11,4430,2025-04-14,4275,breakout_failed,-3.498871331828446
020710,2025-04-11,7050,2025-04-15,7060,breakout_failed,0.14184397163119478
304100,2025-04-14,39300,2025-04-15,38200,breakout_failed,-2.7989821882951627
000970,2025-04-15,7290,2025-04-16,7190,breakout_failed,-1.3717421124828544
071090,2025-04-15,5130,2025-04-16,5040,breakout_failed,-1.7543859649122862
001790,2025-04-16,3885,2025-04-17,3610,breakout_failed,-7.078507078507079
042940,2025-04-11,19790,2025-04-18,38050,breakout_failed,92.2688226376958
006040,2025-04-15,39900,2025-04-18,42100,breakout_failed,5.513784461152893
058820,2025-04-16,2690,2025-04-18,2735,breakout_failed,1.6728624535315983
018000,2025-04-17,1095,2025-04-18,1091,breakout_failed,-0.36529680365297024
310200,2025-04-17,3490,2025-04-18,3330,breakout_failed,-4.584527220630374
246690,2025-04-17,2395,2025-04-18,2400,breakout_failed,0.20876826722338038
446070,2025-04-17,5700,2025-04-18,4880,breakout_failed,-14.385964912280702
030210,2025-04-17,3665,2025-04-22,3360,breakout_failed,-8.321964529331517
293580,2025-04-18,1680,2025-04-22,1856,breakout_failed,10.476190476190483
317770,2025-04-18,5500,2025-04-22,6350,breakout_failed,15.454545454545453
054300,2025-04-18,1622,2025-04-22,2058,breakout_failed,26.880394574599254
138360,2025-04-21,1223,2025-04-22,1025,breakout_failed,-16.189697465249388
010960,2025-04-21,3950,2025-04-22,3890,breakout_failed,-1.518987341772149
389140,2025-04-16,12260,2025-04-23,18837,breakout_failed,53.64600326264275
004980,2025-04-21,12030,2025-04-23,10330,breakout_failed,-14.131338320864506
018000,2025-04-22,1193,2025-04-23,1203,breakout_failed,0.83822296730931
041960,2025-04-23,6310,2025-04-24,5960,breakout_failed,-5.546751188589538
054540,2025-04-25,5810,2025-04-28,5680,breakout_failed,-2.2375215146299476
000050,2025-04-28,8700,2025-04-29,7450,breakout_failed,-14.367816091954023
057540,2025-04-28,1327,2025-04-29,1142,breakout_failed,-13.941220798794273
083650,2025-04-28,25600,2025-04-30,28250,breakout_failed,10.3515625
078000,2025-04-29,11270,2025-04-30,9570,breakout_failed,-15.084294587400182
094840,2025-04-29,9300,2025-04-30,8230,breakout_failed,-11.505376344086027
063170,2025-04-30,8860,2025-05-02,8030,breakout_failed,-9.36794582392777
006800,2025-04-30,11798,2025-05-07,11928,breakout_failed,1.101881674860139
194700,2025-05-02,11260,2025-05-07,11290,breakout_failed,0.2664298401420906
059210,2025-05-08,5760,2025-05-09,5630,breakout_failed,-2.256944444444442
278470,2025-05-08,98400,2025-05-12,102500,breakout_failed,4.166666666666674
256940,2025-05-09,12790,2025-05-12,11820,breakout_failed,-7.584050039093038
057030,2025-05-12,5510,2025-05-13,4760,breakout_failed,-13.611615245009078
009620,2025-05-12,3775,2025-05-13,2900,breakout_failed,-23.178807947019862
180640,2025-05-13,115900,2025-05-15,125000,breakout_failed,7.851596203623812
056080,2025-05-13,12510,2025-05-15,13800,breakout_failed,10.311750599520387
322000,2025-05-14,44050,2025-05-15,40350,breakout_failed,-8.399545970488088
100090,2025-05-14,19840,2025-05-15,18700,breakout_failed,-5.7459677419354875
194700,2025-05-14,14400,2025-05-15,14500,breakout_failed,0.694444444444442
108490,2025-05-14,47717,2025-05-19,57455,breakout_failed,20.40782111197268
004690,2025-05-16,105500,2025-05-20,108800,breakout_failed,3.127962085308056
009780,2025-05-16,7930,2025-05-20,9340,breakout_failed,17.780580075662034
136480,2025-05-19,3800,2025-05-20,3370,breakout_failed,-11.315789473684212
065710,2025-05-16,30500,2025-05-21,36600,breakout_failed,19.999999999999996
036890,2025-05-20,11300,2025-05-21,11440,breakout_failed,1.2389380530973382
297090,2025-05-20,8690,2025-05-21,8550,breakout_failed,-1.6110471806674354
290650,2025-05-21,29150,2025-05-22,28450,breakout_failed,-2.401372212692965
075580,2025-05-21,12030,2025-05-22,11360,breakout_failed,-5.56940980881131
036620,2025-05-23,4910,2025-05-27,5160,breakout_failed,5.0916496945010215
089150,2025-05-23,3415,2025-05-27,3520,breakout_failed,3.0746705710102518
460930,2025-05-26,22100,2025-05-27,22400,breakout_failed,1.3574660633484115
097780,2025-05-26,2917,2025-05-27,2892,breakout_failed,-0.8570449091532373
194370,2025-05-27,11770,2025-05-28,11280,breakout_failed,-4.163126593033139
010280,2025-05-28,5139,2025-05-29,5129,breakout_failed,-0.194590387234872
004800,2025-05-29,66800,2025-05-30,62400,breakout_failed,-6.586826347305386
383800,2025-05-29,8350,2025-05-30,8250,breakout_failed,-1.19760479041916
006805,2025-05-29,6455,2025-05-30,6238,breakout_failed,-3.3617350890782327
007860,2025-05-29,10070,2025-05-30,9460,breakout_failed,-6.057596822244293
001290,2025-05-29,685,2025-06-02,773,breakout_failed,12.846715328467152
001510,2025-06-04,1317,2025-06-05,1307,breakout_failed,-0.759301442672744
218410,2025-05-30,19660,2025-06-09,22450,breakout_failed,14.191251271617489
036800,2025-06-05,24150,2025-06-09,23150,breakout_failed,-4.140786749482405
294570,2025-06-04,27500,2025-06-10,32900,breakout_failed,19.63636363636363
304100,2025-06-04,42500,2025-06-10,53200,breakout_failed,25.17647058823529
402030,2025-06-04,32890,2025-06-10,38902,breakout_failed,18.27911219215568
323410,2025-06-09,29150,2025-06-10,28350,breakout_failed,-2.7444253859348233
000140,2025-06-09,11500,2025-06-10,11330,breakout_failed,-1.4782608695652177
214180,2025-06-09,15300,2025-06-10,14090,breakout_failed,-7.9084967320261494
318160,2025-06-09,7510,2025-06-10,7380,breakout_failed,-1.7310252996005304
026040,2025-06-09,3275,2025-06-10,3275,breakout_failed,0.0
060370,2025-06-09,22775,2025-06-11,25759,breakout_failed,13.10208562019759
094480,2025-06-09,12150,2025-06-11,12850,breakout_failed,5.7613168724279795
377300,2025-06-10,57400,2025-06-12,56700,breakout_failed,-1.2195121951219523
064260,2025-06-10,5930,2025-06-12,5790,breakout_failed,-2.360876897133224
192250,2025-06-11,12930,2025-06-12,12500,breakout_failed,-3.325599381283839
025980,2025-06-12,9870,2025-06-16,10360,breakout_failed,4.964539007092195
010580,2025-06-12,1638,2025-06-16,1725,breakout_failed,5.311355311355315
103140,2025-06-13,107000,2025-06-16,107000,breakout_failed,0.0
046440,2025-06-13,5970,2025-06-16,5970,breakout_failed,0.0
129920,2025-06-13,6600,2025-06-16,5860,breakout_failed,-11.212121212121207
005870,2025-06-13,11150,2025-06-16,10280,breakout_failed,-7.802690582959637
201490,2025-06-10,2490,2025-06-17,3955,breakout_failed,58.835341365461844
234340,2025-06-16,19352,2025-06-17,17119,breakout_failed,-11.538859032658122
018000,2025-06-16,1865,2025-06-17,1716,breakout_failed,-7.989276139410184
011230,2025-06-17,5030,2025-06-18,5050,breakout_failed,0.3976143141153132
265740,2025-06-18,4735,2025-06-19,4535,breakout_failed,-4.223864836325242
413640,2025-06-18,19990,2025-06-19,20800,breakout_failed,4.052026013006493
232830,2025-06-18,3720,2025-06-19,3520,breakout_failed,-5.376344086021501
060250,2025-06-18,10730,2025-06-20,11840,breakout_failed,10.344827586206895
024720,2025-06-18,15950,2025-06-20,16730,breakout_failed,4.89028213166145
251120,2025-06-18,19250,2025-06-20,21150,breakout_failed,9.870129870129873
083660,2025-06-18,1786,2025-06-20,1840,breakout_failed,3.023516237402024
319400,2025-06-19,4825,2025-06-20,4905,breakout_failed,1.6580310880829119
053690,2025-06-19,22600,2025-06-20,21800,breakout_failed,-3.539823008849563
035510,2025-06-19,22000,2025-06-20,21650,breakout_failed,-1.5909090909090873
336260,2025-06-20,23450,2025-06-23,23950,breakout_failed,2.1321961620469176
046120,2025-06-19,3935,2025-06-24,5200,breakout_failed,32.14739517153748
475150,2025-06-23,28200,2025-06-25,24950,breakout_failed,-11.524822695035464
205500,2025-06-23,4210,2025-06-25,4300,breakout_failed,2.13776722090262
123420,2025-06-23,10230,2025-06-25,11410,breakout_failed,11.534701857282492
323410,2025-06-24,37000,2025-06-25,36600,breakout_failed,-1.0810810810810811
214270,2025-06-24,2645,2025-06-26,2825,breakout_failed,6.805293005671076
223310,2025-06-24,22760,2025-06-26,27412,breakout_failed,20.439367311072054
063170,2025-06-25,11450,2025-06-26,9940,breakout_failed,-13.187772925764197
203400,2025-06-27,6091,2025-06-30,4279,breakout_failed,-29.748809719257917
348350,2025-06-27,12020,2025-06-30,11200,breakout_failed,-6.821963394342767
039830,2025-06-26,10150,2025-07-01,16400,breakout_failed,61.57635467980296
090710,2025-06-27,3130,2025-07-01,3385,breakout_failed,8.146964856230031
267270,2025-07-02,87000,2025-07-03,83800,breakout_failed,-3.67816091954023
004020,2025-07-03,35550,2025-07-04,34750,breakout_failed,-2.250351617440227
340440,2025-07-03,1803,2025-07-04,1654,breakout_failed,-8.264004437049365
054920,2025-07-07,4880,2025-07-09,4940,breakout_failed,1.2295081967213184
065660,2025-07-08,27500,2025-07-09,27400,breakout_failed,-0.363636363636366
008970,2025-07-08,3645,2025-07-09,3446,breakout_failed,-5.459533607681754
067000,2025-07-08,2590,2025-07-09,2445,breakout_failed,-5.598455598455598
085620,2025-07-09,7400,2025-07-10,7380,breakout_failed,-0.2702702702702675
003540,2025-07-09,30200,2025-07-10,29950,breakout_failed,-0.8278145695364225
115310,2025-07-09,11400,2025-07-10,10880,breakout_failed,-4.561403508771933
001270,2025-07-09,60600,2025-07-11,67400,breakout_failed,11.221122112211223
128820,2025-07-09,5300,2025-07-11,5930,breakout_failed,11.886792452830196
104480,2025-07-14,2045,2025-07-15,1964,breakout_failed,-3.960880195599026
263700,2025-07-11,4870,2025-07-16,5480,breakout_failed,12.525667351129366
441270,2025-07-15,9280,2025-07-17,10340,breakout_failed,11.422413793103448
005300,2025-07-22,142500,2025-07-23,136300,breakout_failed,-4.350877192982461
016670,2025-07-22,7800,2025-07-23,7210,breakout_failed,-7.564102564102559
078130,2025-07-21,5590,2025-07-24,6840,breakout_failed,22.361359570661897
200670,2025-07-22,73000,2025-07-24,72700,breakout_failed,-0.4109589041095929
071090,2025-07-23,5780,2025-07-25,5870,breakout_failed,1.5570934256055269
036890,2025-07-24,12500,2025-07-25,12100,breakout_failed,-3.200000000000003
100840,2025-07-24,49250,2025-07-28,51500,breakout_failed,4.5685279187817285
082740,2025-07-25,35650,2025-07-28,35700,breakout_failed,0.14025245441795509
221840,2025-07-25,2810,2025-07-28,2730,breakout_failed,-2.8469750889679735
200710,2025-07-28,25200,2025-07-29,24900,breakout_failed,-1.1904761904761862
072990,2025-07-29,6088,2025-07-30,5788,breakout_failed,-4.927726675427069
353200,2025-07-30,23800,2025-07-31,23900,breakout_failed,0.42016806722688926
007390,2025-07-30,36900,2025-07-31,37800,breakout_failed,2.4390243902439046
033340,2025-07-31,1845,2025-08-01,1839,breakout_failed,-0.3252032520325243
026040,2025-07-31,3905,2025-08-04,4485,breakout_failed,14.852752880921894
160550,2025-07-31,3195,2025-08-04,2720,breakout_failed,-14.866979655712054
295310,2025-08-01,35850,2025-08-04,31250,breakout_failed,-12.831241283124129
208640,2025-08-06,513,2025-08-07,430,breakout_failed,-16.179337231968816
064820,2025-08-07,8230,2025-08-08,8050,breakout_failed,-2.1871202916160404
014940,2025-08-07,8060,2025-08-08,8140,breakout_failed,0.992555831265518
194480,2025-08-07,51500,2025-08-08,51900,breakout_failed,0.7766990291262044
244920,2025-08-12,6990,2025-08-14,7030,breakout_failed,0.5722460658083017
034220,2025-08-13,13290,2025-08-14,11880,breakout_failed,-10.609480812641081
213420,2025-08-13,46600,2025-08-14,42800,breakout_failed,-8.154506437768239
007980,2025-08-13,1670,2025-08-18,1943,breakout_failed,16.347305389221557
077970,2025-08-14,36300,2025-08-19,37900,breakout_failed,4.40771349862259
008490,2025-08-14,23800,2025-08-19,28000,breakout_failed,17.647058823529417
005670,2025-08-18,7410,2025-08-19,7280,breakout_failed,-1.7543859649122862
016880,2025-08-18,4120,2025-08-20,4445,breakout_failed,7.888349514563098
318160,2025-08-18,8080,2025-08-20,8540,breakout_failed,5.693069306930698
013310,2025-08-20,3600,2025-08-21,3745,breakout_failed,4.027777777777786
033530,2025-08-21,5880,2025-08-25,6060,breakout_failed,3.0612244897959107
108490,2025-08-25,98064,2025-08-26,100596,breakout_failed,2.5819872736172256
030530,2025-08-26,7540,2025-08-27,7650,breakout_failed,1.458885941644561
059090,2025-08-27,16550,2025-08-28,16390,breakout_failed,-0.9667673716012071
460930,2025-08-28,27300,2025-08-29,27400,breakout_failed,0.366300366300365
054540,2025-08-29,8640,2025-09-02,9200,breakout_failed,6.481481481481488
140410,2025-09-02,48550,2025-09-03,46700,breakout_failed,-3.810504634397527
319400,2025-09-02,6050,2025-09-04,6630,breakout_failed,9.58677685950413
441270,2025-09-03,13470,2025-09-05,13250,breakout_failed,-1.63325909428359
086390,2025-09-03,15380,2025-09-05,16750,breakout_failed,8.907672301690518
100090,2025-09-05,25600,2025-09-08,25400,breakout_failed,-0.78125
024880,2025-09-05,5710,2025-09-08,5560,breakout_failed,-2.626970227670755
290650,2025-09-05,42150,2025-09-09,50700,breakout_failed,20.284697508896787
034830,2025-09-08,1406,2025-09-09,1387,breakout_failed,-1.3513513513513487
092460,2025-09-08,18000,2025-09-09,17560,breakout_failed,-2.444444444444449
059210,2025-09-08,6400,2025-09-09,6400,breakout_failed,0.0
356860,2025-09-10,36740,2025-09-11,36456,breakout_failed,-0.7729994556341824
079940,2025-09-10,29400,2025-09-11,28700,breakout_failed,-2.3809523809523836
437730,2025-09-09,19330,2025-09-12,20600,breakout_failed,6.570098292809101
119830,2025-09-11,7080,2025-09-12,6660,breakout_failed,-5.932203389830503
166090,2025-09-12,37100,2025-09-15,36850,breakout_failed,-0.6738544474393482
078160,2025-09-12,14430,2025-09-15,14250,breakout_failed,-1.2474012474012475
008040,2025-09-12,1379,2025-09-15,1360,breakout_failed,-1.3778100072516342
007810,2025-09-09,15130,2025-09-16,17050,breakout_failed,12.690019828155986
272110,2025-09-12,20850,2025-09-16,21700,breakout_failed,4.076738609112707
090710,2025-09-15,3635,2025-09-16,3415,breakout_failed,-6.052269601100413
005690,2025-09-15,14380,2025-09-16,13000,breakout_failed,-9.596662030598058
042520,2025-09-15,14320,2025-09-16,14400,breakout_failed,0.5586592178770999
072710,2025-09-15,114400,2025-09-17,122500,breakout_failed,7.0804195804195835
034220,2025-09-16,13310,2025-09-17,12880,breakout_failed,-3.2306536438767797
089010,2025-09-16,34100,2025-09-17,31950,breakout_failed,-6.304985337243407
036010,2025-09-16,8350,2025-09-17,8370,breakout_failed,0.23952095808383866
207760,2025-09-16,2105,2025-09-17,1973,breakout_failed,-6.270783847980999
047810,2025-09-17,115000,2025-09-18,107400,breakout_failed,-6.608695652173912
033240,2025-09-17,22400,2025-09-18,21800,breakout_failed,-2.67857142857143
282880,2025-09-17,18370,2025-09-18,16899,breakout_failed,-8.007621121393571
077360,2025-09-17,5690,2025-09-19,6120,breakout_failed,7.557117750439368
037030,2025-09-18,3450,2025-09-19,3375,breakout_failed,-2.1739130434782594
090360,2025-09-18,44000,2025-09-22,49200,breakout_failed,11.818181818181817
092870,2025-09-18,17480,2025-09-22,16930,breakout_failed,-3.1464530892448495
251370,2025-09-18,15320,2025-09-22,18060,breakout_failed,17.885117493472592
064260,2025-09-19,11090,2025-09-22,10850,breakout_failed,-2.1641118124436476
263860,2025-09-19,26100,2025-09-22,26800,breakout_failed,2.6819923371647514
461300,2025-09-22,26300,2025-09-23,25000,breakout_failed,-4.942965779467679
252990,2025-09-22,6910,2025-09-24,7380,breakout_failed,6.801736613603482
105840,2025-09-23,15100,2025-09-24,15570,breakout_failed,3.112582781456963
405100,2025-09-23,19150,2025-09-24,18530,breakout_failed,-3.2375979112271525
078000,2025-09-23,18910,2025-09-24,16760,breakout_failed,-11.369645690111053
010580,2025-09-24,2035,2025-09-26,2520,breakout_failed,23.832923832923836
085910,2025-09-25,3805,2025-09-29,3940,breakout_failed,3.5479632063074806
060250,2025-09-26,20200,2025-09-29,19930,breakout_failed,-1.3366336633663378
249420,2025-09-29,33900,2025-09-30,29650,breakout_failed,-12.536873156342187
001520,2025-09-29,1077,2025-09-30,977,breakout_failed,-9.28505106778087
000230,2025-09-29,12050,2025-09-30,11700,breakout_failed,-2.904564315352698
170790,2025-09-29,11180,2025-10-01,11870,breakout_failed,6.171735241502674
003535,2025-09-30,11750,2025-10-01,10850,breakout_failed,-7.659574468085106
025620,2025-09-30,11710,2025-10-02,13990,breakout_failed,19.47053800170795
089010,2025-10-01,35800,2025-10-02,34100,breakout_failed,-4.748603351955305
210980,2025-10-01,12670,2025-10-02,12670,breakout_failed,0.0
029460,2025-10-02,29750,2025-10-10,29150,breakout_failed,-2.0168067226890796
061970,2025-09-30,4936,2025-10-13,5443,breakout_failed,10.271474878444087
033160,2025-10-10,10840,2025-10-13,10600,breakout_failed,-2.2140221402214055
001440,2025-10-13,18140,2025-10-14,17240,breakout_failed,-4.961411245865488
101170,2025-10-13,7550,2025-10-14,7170,breakout_failed,-5.033112582781452
263810,2025-10-13,3910,2025-10-14,3585,breakout_failed,-8.31202046035806
041930,2025-10-14,7270,2025-10-16,6620,breakout_failed,-8.940852819807432
008730,2025-10-17,38150,2025-10-20,37650,breakout_failed,-1.3106159895150737
014280,2025-10-17,6520,2025-10-21,6370,breakout_failed,-2.300613496932513
033530,2025-10-20,7500,2025-10-22,8940,breakout_failed,19.199999999999996
078590,2025-10-21,8325,2025-10-23,9252,breakout_failed,11.135135135135133
072470,2025-10-22,4495,2025-10-23,4000,breakout_failed,-11.012235817575089
092460,2025-10-23,20800,2025-10-24,19110,breakout_failed,-8.125000000000004
049630,2025-10-23,5660,2025-10-24,5725,breakout_failed,1.148409893992941
005670,2025-10-23,9500,2025-10-24,9800,breakout_failed,3.157894736842115
005950,2025-10-23,9810,2025-10-27,11130,breakout_failed,13.455657492354733
114190,2025-10-24,15040,2025-10-27,14110,breakout_failed,-6.183510638297873
054210,2025-10-24,9190,2025-10-28,9420,breakout_failed,2.502720348204579
093370,2025-10-24,7900,2025-10-29,9850,breakout_failed,24.68354430379747
091580,2025-10-28,14750,2025-10-29,14870,breakout_failed,0.8135593220339077
33626K,2025-10-28,8910,2025-10-29,8700,breakout_failed,-2.3569023569023573
090370,2025-10-28,2110,2025-10-29,1990,breakout_failed,-5.687203791469198
336260,2025-10-28,40800,2025-10-30,43900,breakout_failed,7.59803921568627
050890,2025-10-29,8890,2025-10-30,8670,breakout_failed,-2.474690663667045
073490,2025-10-29,24300,2025-10-30,24300,breakout_failed,0.0
218410,2025-10-29,34150,2025-10-31,33400,breakout_failed,-2.196193265007318
088800,2025-10-30,3695,2025-10-31,3655,breakout_failed,-1.0825439783491153
123690,2025-10-30,12750,2025-10-31,12210,breakout_failed,-4.23529411764706
307950,2025-10-31,203500,2025-11-04,226000,breakout_failed,11.056511056511065
277810,2025-10-31,436500,2025-11-04,494500,breakout_failed,13.28751431844215
454910,2025-11-03,92100,2025-11-04,88600,breakout_failed,-3.800217155266017
092200,2025-11-03,6420,2025-11-04,6350,breakout_failed,-1.0903426791277204
161580,2025-11-03,51200,2025-11-05,52900,breakout_failed,3.3203125
322180,2025-11-03,7540,2025-11-05,8380,breakout_failed,11.14058355437666
086960,2025-11-03,4173,2025-11-05,3971,breakout_failed,-4.840642223819791
302440,2025-11-04,60100,2025-11-05,57500,breakout_failed,-4.3261231281197965
256840,2025-11-04,6050,2025-11-05,5600,breakout_failed,-7.438016528925617
187790,2025-11-05,2620,2025-11-07,2810,breakout_failed,7.25190839694656
221800,2025-11-05,4660,2025-11-07,4890,breakout_failed,4.935622317596566
105740,2025-11-11,11150,2025-11-12,11020,breakout_failed,-1.1659192825112075
241690,2025-11-11,4015,2025-11-12,3950,breakout_failed,-1.6189290161892855
000990,2025-11-11,69100,2025-11-13,67500,breakout_failed,-2.315484804630974
458870,2025-11-14,43357,2025-11-18,44991,breakout_failed,3.7687109347971592
016610,2025-11-17,10750,2025-11-18,10200,breakout_failed,-5.116279069767438
058610,2025-11-19,38350,2025-11-24,46100,breakout_failed,20.208604954367672
389500,2025-11-21,31000,2025-11-24,30200,breakout_failed,-2.580645161290318
004060,2025-11-21,3930,2025-11-24,3390,breakout_failed,-13.740458015267176
079940,2025-11-25,32650,2025-11-26,32400,breakout_failed,-0.7656967840735107
093320,2025-11-26,112100,2025-11-27,105000,breakout_failed,-6.333630686886704
437730,2025-11-27,41600,2025-11-28,40300,breakout_failed,-3.125
314130,2025-11-27,3775,2025-11-28,3925,breakout_failed,3.9735099337748325
308080,2025-11-26,4555,2025-12-01,6850,breakout_failed,50.384193194291996
059120,2025-11-28,4572,2025-12-01,4542,breakout_failed,-0.6561679790026198
060280,2025-12-02,13670,2025-12-03,14020,breakout_failed,2.560351133869787
084990,2025-12-02,8500,2025-12-03,7630,breakout_failed,-10.235294117647054
220260,2025-12-02,5520,2025-12-03,5610,breakout_failed,1.6304347826086918
000650,2025-11-27,182200,2025-12-04,376500,breakout_failed,106.6410537870472
011690,2025-12-03,4050,2025-12-05,4350,breakout_failed,7.407407407407418
004960,2025-12-03,11050,2025-12-05,11200,breakout_failed,1.3574660633484115
307950,2025-12-04,283000,2025-12-05,283500,breakout_failed,0.17667844522968323
298830,2025-12-08,6600,2025-12-09,6480,breakout_failed,-1.8181818181818188
317830,2025-12-08,13600,2025-12-09,13100,breakout_failed,-3.676470588235292
004310,2025-12-05,5060,2025-12-10,6110,breakout_failed,20.75098814229248
457190,2025-12-09,68400,2025-12-10,66900,breakout_failed,-2.1929824561403466
043260,2025-12-08,3860,2025-12-11,5230,breakout_failed,35.4922279792746
056090,2025-12-09,1251,2025-12-11,1265,breakout_failed,1.1191047162270262
100660,2025-12-09,4955,2025-12-11,5030,breakout_failed,1.5136226034308864
212560,2025-12-10,6750,2025-12-11,6510,breakout_failed,-3.5555555555555562
091700,2025-12-11,7460,2025-12-12,7400,breakout_failed,-0.8042895442359255
249420,2025-12-11,40500,2025-12-15,40850,breakout_failed,0.8641975308641969
067830,2025-12-11,3100,2025-12-15,3395,breakout_failed,9.51612903225807
060370,2025-12-12,36500,2025-12-15,33950,breakout_failed,-6.986301369863012
002230,2025-12-11,6400,2025-12-16,6810,breakout_failed,6.406249999999991
001430,2025-12-12,44750,2025-12-16,43150,breakout_failed,-3.575418994413404
000050,2025-12-12,11010,2025-12-16,10850,breakout_failed,-1.4532243415077195
031440,2025-12-15,47800,2025-12-16,47900,breakout_failed,0.20920502092049986
002220,2025-12-15,5290,2025-12-16,4935,breakout_failed,-6.710775047258977
290740,2025-12-15,9950,2025-12-17,12750,breakout_failed,28.14070351758795
140410,2025-12-16,97000,2025-12-17,88300,breakout_failed,-8.969072164948455
317400,2025-12-16,4815,2025-12-17,4600,breakout_failed,-4.4652128764278265
330730,2025-12-16,6050,2025-12-17,6090,breakout_failed,0.6611570247933907
306040,2025-12-16,6400,2025-12-18,7500,breakout_failed,17.1875
010780,2025-12-17,24700,2025-12-18,24050,breakout_failed,-2.631578947368418
452260,2025-12-17,1443,2025-12-19,1538,breakout_failed,6.583506583506593
067830,2025-12-18,4060,2025-12-19,3545,breakout_failed,-12.684729064039413
000390,2025-12-18,7930,2025-12-22,8600,breakout_failed,8.448928121059263
223250,2025-12-18,7030,2025-12-22,7690,breakout_failed,9.388335704125183
100790,2025-12-18,14240,2025-12-23,15550,breakout_failed,9.199438202247201
094820,2025-12-19,13360,2025-12-23,13230,breakout_failed,-0.9730538922155696
417010,2025-12-19,8150,2025-12-23,6800,breakout_failed,-16.564417177914116
189300,2025-12-22,60500,2025-12-23,55600,breakout_failed,-8.099173553719009
012200,2025-12-18,2040,2025-12-24,3930,breakout_failed,92.64705882352942
006805,2025-12-23,15039,2025-12-24,13147,breakout_failed,-12.580623711682959
406820,2025-12-23,4830,2025-12-24,4492,breakout_failed,-6.997929606625264
274090,2025-12-24,18860,2025-12-26,17540,breakout_failed,-6.998939554612937
200710,2025-12-26,35300,2025-12-29,35550,breakout_failed,0.7082152974504208
071670,2025-12-24,7310,2025-12-30,10310,breakout_failed,41.03967168262655
025820,2025-12-29,6090,2025-12-30,5570,breakout_failed,-8.538587848932677
